u,sigma,xi,exceed_per_summer
140506.5,4251.095586191109,0.022605028774185163,5.142857142857143
